N_requested,branch_idx,from_bus,to_bus,interaction_pp,bootstrap_se_pp,ci_low_pp,ci_high_pp
50,38,26,30,2.16666666666667,2.30948667928121,-2.29166666666667,6.875
100,38,26,30,1.25,1.8974410773505,-2.22916666666666,5.0625
200,38,26,30,1.33333333333334,1.3579795561032,-1.35416666666667,4.05208333333333
400,38,26,30,0.80208333333333,0.94566393898352,-1.16666666666667,2.54166666666667
800,38,26,30,1.00520833333334,0.696549939398225,-0.328125000000002,2.35677083333333
1200,38,26,30,0.98611111111111,0.572951571089701,-0.128472222222226,2.12152777777777
1600,38,26,30,1.171875,0.513999906396835,0.222656249999997,2.17708333333333
2000,38,26,30,1.325,0.424194582043345,0.518750000000002,2.12187500000001
